block_index,frames,chain_us,max_one_us,deadline_us,late_start_us,automated
0,333,351.7,59.9,6937.5,93.4,1
1,333,292.3,51,6937.5,0,0
2,333,285.5,50.5,6937.5,0,0
3,333,286,50.7,6937.5,0,1
4,333,284.6,50.3,6937.5,0,0
5,333,285.2,49.8,6937.5,0,0
6,333,285.5,50.7,6937.5,0,1
7,333,282.5,49.8,6937.5,0,0
8,333,282.9,50,6937.5,0,0
9,333,297.4,49.9,6937.5,0,1
10,333,283.3,50.3,6937.5,0,0
11,333,288.6,49.9,6937.5,0,0
12,333,284.3,49.8,6937.5,0,1
13,333,286.9,49.7,6937.5,0,0
14,333,283,49.8,6937.5,0,0
15,333,287.7,49.7,6937.5,0,1
16,333,286.7,49.9,6937.5,0,0
17,333,282.8,50.2,6937.5,0,0
18,333,434.7,150.5,6937.5,0,1
19,333,329.4,51.3,6937.5,0,0
20,333,395.9,59.4,6937.5,0,0
21,333,409.7,52.5,6937.5,0,1
22,333,403,47.7,6937.5,0,0
23,333,302.1,39.8,6937.5,0,0
24,333,265.8,28.4,6937.5,0,1
25,333,256.7,25.8,6937.5,0,0
26,333,256.1,25.8,6937.5,0,0
27,333,260.6,27.6,6937.5,0,1
28,333,346.9,35.2,6937.5,0,0
29,333,373,46.5,6937.5,0,0
30,333,417.9,55.7,6937.5,0,1
31,333,258.9,26,6937.5,0,0
32,333,411.2,48.1,6937.5,0,0
33,333,397.5,42.5,6937.5,0,1
34,333,389.3,39.5,6937.5,0,0
35,333,403.4,48.8,6937.5,0,0
36,333,383.4,39.4,6937.5,0,1
37,333,400,47.5,6937.5,0,0
38,333,386.5,39.7,6937.5,0,0
39,333,385.9,41.9,6937.5,0,1
40,333,388.6,39.4,6937.5,0,0
41,333,401.2,48.1,6937.5,0,0
42,333,395.6,46.1,6937.5,0,1
43,333,376.1,39.8,6937.5,0,0
44,333,398.3,49.1,6937.5,0,0
45,333,388.5,39.9,6937.5,0,1
46,333,392.9,46.5,6937.5,0,0
47,333,410.7,62.8,6937.5,0,0
48,333,385.1,39.3,6937.5,0,1
49,333,442,77.8,6937.5,0,0
50,333,480.2,48.7,6937.5,0,0
51,333,413,48.8,6937.5,0,1
52,333,262.4,29.5,6937.5,0,0
53,333,255.8,26,6937.5,0,0
54,333,263.2,31,6937.5,0,1
55,333,258.1,26,6937.5,0,0
56,333,298.3,38.6,6937.5,0,0
57,333,330.2,43,6937.5,0,1
58,333,332.3,38.7,6937.5,0,0
59,333,261.8,26.6,6937.5,0,0
60,333,309.1,39.2,6937.5,0,1
61,333,301.1,38.5,6937.5,0,0
62,333,267.6,31.1,6937.5,0,0
63,333,369.7,39.3,6937.5,0,1
64,333,395.7,40.6,6937.5,0,0
65,333,392.2,40.3,6937.5,0,0
66,333,347.4,40,6937.5,0,1
67,333,342.3,39.6,6937.5,0,0
68,333,406.6,50.1,6937.5,0,0
69,333,393.2,39.9,6937.5,0,1
70,333,410.2,53.7,6937.5,0,0
71,333,388.9,40.1,6937.5,0,0
72,333,405.2,48.8,6937.5,0,1
73,333,347.2,40,6937.5,0,0
74,333,277.5,38.4,6937.5,0,0
75,333,267.7,30.9,6937.5,0,1
76,333,306.1,38.6,6937.5,0,0
77,333,274,33.3,6937.5,0,0
78,333,293.8,42.6,6937.5,0,1
79,333,330.3,41.8,6937.5,0,0
80,333,259.7,26,6937.5,0,0
81,333,309.8,55.7,6937.5,0,1
82,333,400.7,54,6937.5,0,0
83,333,412.5,54.3,6937.5,0,0
84,333,409.8,55.7,6937.5,0,1
85,333,728.3,231.7,6937.5,0,0
86,333,423.4,56.7,6937.5,0,0
87,333,428.1,61.5,6937.5,0,1
88,333,401.7,59,6937.5,0,0
89,333,399.9,62,6937.5,0,0
90,333,408,59.1,6937.5,0,1
91,333,418.4,59.5,6937.5,0,0
92,333,409.9,58.9,6937.5,0,0
93,333,407.4,60.7,6937.5,0,1
94,333,411.6,51.8,6937.5,0,0
95,333,393.9,48,6937.5,0,0
96,333,378.9,38.1,6937.5,0,1
97,333,417.4,73.3,6937.5,0,0
98,333,385.7,43.9,6937.5,0,0
99,333,388.1,47.4,6937.5,0,1
100,333,379.8,37.9,6937.5,0,0
101,333,379.5,38,6937.5,0,0
102,333,386.4,39.6,6937.5,0,1
103,333,381.4,46.8,6937.5,0,0
104,333,375.3,38.6,6937.5,0,0
105,333,374.1,37.9,6937.5,0,1
106,333,392.9,40.3,6937.5,0,0
107,333,439.2,66.4,6937.5,0,0
108,333,420.9,60.7,6937.5,0,1
109,333,428.7,60.1,6937.5,0,0
110,333,417,61.2,6937.5,0,0
111,333,416.8,59.2,6937.5,0,1
112,333,406.5,59.6,6937.5,0,0
113,333,604.4,233.4,6937.5,0,0
114,333,407.6,59.3,6937.5,0,1
115,333,428,60.2,6937.5,0,0
116,333,416.1,59.8,6937.5,0,0
117,333,424.8,60.5,6937.5,0,1
118,333,412.7,60.6,6937.5,0,0
119,333,425.4,59.8,6937.5,0,0
120,333,414.8,60,6937.5,0,1
121,333,418.1,59.4,6937.5,0,0
122,333,403.3,46.9,6937.5,0,0
123,333,399.2,46.7,6937.5,0,1
124,333,386.8,38.8,6937.5,0,0
125,333,394.7,47.1,6937.5,0,0
126,333,386.1,38.9,6937.5,0,1
127,333,388.7,42,6937.5,0,0
128,333,432.3,65,6937.5,0,0
129,333,395.5,47.9,6937.5,0,1
130,333,388.2,46.5,6937.5,0,0
131,333,397.9,47.5,6937.5,0,0
132,333,392.3,47.6,6937.5,0,1
133,333,382.9,38.5,6937.5,0,0
134,333,393.6,47.3,6937.5,0,0
135,333,402.9,47,6937.5,0,1
136,333,392.2,46.8,6937.5,0,0
137,333,391.6,46.8,6937.5,0,0
138,333,381.7,38.4,6937.5,0,1
139,333,384.6,38.8,6937.5,0,0
140,333,384.6,38.7,6937.5,0,0
141,333,382.6,38.8,6937.5,0,1
142,333,389.4,42,6937.5,0,0
143,333,445.6,51.9,6937.5,0,0
144,333,407.3,48.3,6937.5,0,1
145,333,402.5,48.7,6937.5,0,0
146,333,385.9,42.5,6937.5,0,0
147,333,396.2,47.2,6937.5,0,1
148,333,396.1,39.9,6937.5,0,0
149,333,402.5,43.7,6937.5,0,0
150,333,731.3,364.9,6937.5,0,1
151,333,404.4,50.4,6937.5,0,0
152,333,599.2,238.1,6937.5,0,0
153,333,394.5,41.2,6937.5,0,1
154,333,407.2,48.4,6937.5,0,0
155,333,452.5,88.9,6937.5,0,0
156,333,400.8,48.3,6937.5,0,1
157,333,387.9,41.9,6937.5,0,0
158,333,412.5,48.5,6937.5,0,0
159,333,391.9,40,6937.5,0,1
160,333,390.9,42.2,6937.5,0,0
161,333,404.4,48.3,6937.5,0,0
162,333,391.2,39.7,6937.5,0,1
163,333,394.1,40.2,6937.5,0,0
164,333,398.5,42.6,6937.5,0,0
165,333,382.3,38.6,6937.5,0,1
166,333,394.1,47.2,6937.5,0,0
167,333,384.4,39.3,6937.5,0,0
168,333,399.9,40.3,6937.5,0,1
169,333,394.6,40.1,6937.5,0,0
170,333,407.9,53,6937.5,0,0
171,333,395.9,40.4,6937.5,0,1
172,333,396.2,48,6937.5,0,0
173,333,401,47.7,6937.5,0,0
174,333,406.7,48.7,6937.5,0,1
175,333,397.6,42.8,6937.5,0,0
176,333,393.1,40.8,6937.5,0,0
177,333,395.3,40.1,6937.5,0,1
178,333,395.6,40.3,6937.5,0,0
179,333,403.9,53.9,6937.5,0,0
180,333,385.5,38.6,6937.5,0,1
181,333,391.7,48,6937.5,0,0
182,333,414.8,54.4,6937.5,0,0
183,333,392.3,39.8,6937.5,0,1
184,333,395,47,6937.5,0,0
185,333,393.5,39.9,6937.5,0,0
186,333,448.3,72.7,6937.5,0,1
187,333,417.9,55.6,6937.5,0,0
188,333,592.5,186.7,6937.5,0,0
189,333,410.9,56.6,6937.5,0,1
190,333,410.6,56,6937.5,0,0
191,333,410.3,59.5,6937.5,0,0
192,333,414,62.3,6937.5,0,1
193,333,438.2,60.9,6937.5,0,0
194,333,413.5,55.8,6937.5,0,0
195,333,415.3,49.7,6937.5,0,1
196,333,406.5,47.5,6937.5,0,0
197,333,378.6,38.3,6937.5,0,0
198,333,392,44,6937.5,0,1
199,333,385.5,39.5,6937.5,0,0
200,333,381.6,42.5,6937.5,0,0
201,333,387.1,45.6,6937.5,0,1
202,333,395.8,48.5,6937.5,0,0
203,333,389.4,40.2,6937.5,0,0
204,333,410.7,53.2,6937.5,0,1
205,333,402.1,49.9,6937.5,0,0
206,333,390.9,48.2,6937.5,0,0
207,333,396.5,44.1,6937.5,0,1
208,333,388.6,41.8,6937.5,0,0
209,333,404.2,49.5,6937.5,0,0
210,333,415.5,67.2,6937.5,0,1
211,333,458,64.4,6937.5,0,0
212,333,428.4,62.5,6937.5,0,0
213,333,417.6,62.3,6937.5,0,1
214,333,386,62.4,6937.5,0,0
215,333,371.4,64.4,6937.5,0,0
216,333,446.5,64,6937.5,0,1
217,333,425,64.3,6937.5,0,0
218,333,440.5,63.2,6937.5,0,0
219,333,280.3,36.7,6937.5,0,1
220,333,261.5,26.2,6937.5,0,0
221,333,263.5,29.7,6937.5,0,0
222,333,281.9,36.6,6937.5,0,1
223,333,262.1,26.7,6937.5,0,0
224,333,270.8,31,6937.5,0,0
225,333,260.5,26.1,6937.5,0,1
226,333,259.4,26.2,6937.5,0,0
227,333,395.9,43.7,6937.5,0,0
228,333,391.2,40.2,6937.5,0,1
229,333,393.9,43.5,6937.5,0,0
230,333,379.4,38.1,6937.5,0,0
231,333,393.1,39.9,6937.5,0,1
232,333,393.8,39.8,6937.5,0,0
233,333,396.4,43.5,6937.5,0,0
234,333,424.2,67,6937.5,0,1
235,333,414,57.8,6937.5,0,0
236,333,421.6,56.3,6937.5,0,0
237,333,408.8,55.6,6937.5,0,1
238,333,423.6,53.3,6937.5,0,0
239,333,415.1,59,6937.5,0,0
240,333,419.9,60.5,6937.5,0,1
241,333,404.9,59.6,6937.5,0,0
242,333,420,59.5,6937.5,0,0
243,333,431.9,59.6,6937.5,0,1
244,333,411.9,59.4,6937.5,0,0
245,333,425.6,51.5,6937.5,0,0
246,333,395.8,40.2,6937.5,0,1
247,333,414.7,49.9,6937.5,0,0
248,333,409.5,50.7,6937.5,0,0
249,333,385.5,38.7,6937.5,0,1
250,333,381.3,38.4,6937.5,0,0
251,333,376.1,42.2,6937.5,0,0
252,333,405.1,49.7,6937.5,0,1
253,333,397.1,43.8,6937.5,0,0
254,333,393.5,40.7,6937.5,0,0
255,333,405.9,45.7,6937.5,0,1
256,333,429,70.2,6937.5,0,0
257,333,422.7,60.3,6937.5,0,0
258,333,425.5,60.1,6937.5,0,1
259,333,418.9,61.2,6937.5,0,0
260,333,420.7,62.9,6937.5,0,0
261,333,428.5,62.3,6937.5,0,1
262,333,406.9,60.1,6937.5,0,0
263,333,420.1,60.3,6937.5,0,0
264,333,414,60.1,6937.5,0,1
265,333,429,60.7,6937.5,0,0
266,333,417,59.9,6937.5,0,0
267,333,423.2,59.3,6937.5,0,1
268,333,414.4,48.2,6937.5,0,0
269,333,405.1,49.8,6937.5,0,0
270,333,385.6,39.1,6937.5,0,1
271,333,395.2,45.9,6937.5,0,0
272,333,394,40.4,6937.5,0,0
273,333,403.4,49.1,6937.5,0,1
274,333,392.3,44.6,6937.5,0,0
275,333,398.2,43.1,6937.5,0,0
276,333,395.5,40.5,6937.5,0,1
277,333,405.8,50.1,6937.5,0,0
278,333,416.8,47.3,6937.5,0,0
279,333,386,38.9,6937.5,0,1
280,333,402.3,48.9,6937.5,0,0
281,333,515.3,127.8,6937.5,0,0
282,333,1900.9,1517.6,6937.5,0,1
283,333,405.8,48.3,6937.5,0,0
284,333,395.5,45.6,6937.5,0,0
285,333,387.3,39.9,6937.5,0,1
286,333,392.5,39.7,6937.5,0,0
287,333,392,43.9,6937.5,0,0
288,333,407.4,48.5,6937.5,0,1
289,333,440.6,70.9,6937.5,0,0
290,333,390.6,47.5,6937.5,0,0
291,333,402,48.8,6937.5,0,1
292,333,396.3,40.9,6937.5,0,0
293,333,388.7,41.9,6937.5,0,0
294,333,398.8,47.3,6937.5,0,1
295,333,399.5,47.4,6937.5,0,0
296,333,399.7,47.8,6937.5,0,0
297,333,402.1,47.9,6937.5,0,1
298,333,402.2,49,6937.5,0,0
299,333,422.7,49.1,6937.5,0,0
300,333,428.2,68.3,6937.5,0,1
301,333,401.5,59.2,6937.5,0,0
302,333,415.1,60.3,6937.5,0,0
303,333,403.7,58.3,6937.5,0,1
304,333,411.1,59.7,6937.5,0,0
305,333,415.3,60.5,6937.5,0,0
306,333,1268.1,883.6,6937.5,0,1
307,333,498.8,69.9,6937.5,0,0
308,333,430.3,60.4,6937.5,0,0
309,333,447.9,86.4,6937.5,0,1
310,333,405.2,50.3,6937.5,0,0
311,333,472.7,73.6,6937.5,0,0
312,333,407.4,48.9,6937.5,0,1
313,333,420.2,49.3,6937.5,0,0
314,333,405.7,44.9,6937.5,0,0
315,333,389.1,40.2,6937.5,0,1
316,333,389.4,42.9,6937.5,0,0
317,333,400.2,47.2,6937.5,0,0
318,333,412.3,47.5,6937.5,0,1
319,333,400.8,48.5,6937.5,0,0
320,333,399.4,47.1,6937.5,0,0
321,333,435.4,68.3,6937.5,0,1
322,333,433.8,60,6937.5,0,0
323,333,422.4,60.5,6937.5,0,0
324,333,419.9,60.8,6937.5,0,1
325,333,420,60.8,6937.5,0,0
326,333,451.7,69.7,6937.5,0,0
327,333,411.9,59.7,6937.5,0,1
328,333,412,60.4,6937.5,0,0
329,333,423.7,64.7,6937.5,0,0
330,333,516.9,129.2,6937.5,0,1
331,333,433.9,61.7,6937.5,0,0
332,333,1099,710.9,6937.5,0,0
333,333,773,262.9,6937.5,0,1
334,333,621.9,188.7,6937.5,0,0
335,333,393.8,40.7,6937.5,0,0
336,333,431.6,74.3,6937.5,0,1
337,333,402.5,41.9,6937.5,0,0
338,333,410.2,60.3,6937.5,0,0
339,333,406.5,47.8,6937.5,0,1
340,333,414.5,49.4,6937.5,0,0
341,333,414.8,56.1,6937.5,0,0
342,333,416,50.4,6937.5,0,1
343,333,410.4,44.9,6937.5,0,0
344,333,414.7,48.3,6937.5,0,0
345,333,392.2,48.9,6937.5,0,1
346,333,388.8,47.1,6937.5,0,0
347,333,394.4,42.7,6937.5,0,0
348,333,394,40.2,6937.5,0,1
349,333,412.1,58.2,6937.5,0,0
350,333,408.5,49.1,6937.5,0,0
351,333,404.5,48.1,6937.5,0,1
352,333,407.8,48.6,6937.5,0,0
353,333,396.8,40.7,6937.5,0,0
354,333,430.9,48.9,6937.5,0,1
355,333,406.6,41.6,6937.5,0,0
356,333,413.2,48,6937.5,0,0
357,333,403.8,41.2,6937.5,0,1
358,333,405,41,6937.5,0,0
359,333,405.2,49.6,6937.5,0,0
360,333,785.1,434.9,6937.5,0,1
361,333,397.4,45.7,6937.5,0,0
362,333,1269.7,892.5,6937.5,0,0
363,333,435.3,50.5,6937.5,0,1
364,333,403.2,46.8,6937.5,0,0
365,333,400.5,41.1,6937.5,0,0
366,333,419.5,48.6,6937.5,0,1
367,333,415.3,51.2,6937.5,0,0
368,333,399.9,42.7,6937.5,0,0
369,333,427.8,66.3,6937.5,0,1
370,333,400.8,45.8,6937.5,0,0
371,333,440.6,70.4,6937.5,0,0
372,333,479.3,78.3,6937.5,0,1
373,333,459.8,64.5,6937.5,0,0
374,333,433.9,57.5,6937.5,0,0
375,333,465,66.1,6937.5,0,1
376,333,412.1,57.7,6937.5,0,0
377,333,413.5,62.5,6937.5,0,0
378,333,440.4,65.3,6937.5,0,1
379,333,435.6,64.8,6937.5,0,0
380,333,479,81,6937.5,0,0
381,333,405.7,62.2,6937.5,0,1
382,333,416,49.3,6937.5,0,0
383,333,397.9,41.1,6937.5,0,0
384,333,1071.7,708.8,6937.5,0,1
385,333,432.5,49,6937.5,0,0
386,333,391.6,39.3,6937.5,0,0
387,333,391.5,39.4,6937.5,0,1
388,333,413.1,48.1,6937.5,0,0
389,333,381.2,39.1,6937.5,0,0
390,333,392.9,40,6937.5,0,1
391,333,394.1,40.1,6937.5,0,0
392,333,847.5,488.7,6937.5,0,0
393,333,397.2,41,6937.5,0,1
394,333,420.4,49.6,6937.5,0,0
395,333,399.2,44.9,6937.5,0,0
396,333,412.7,49.8,6937.5,0,1
397,333,400.9,40.8,6937.5,0,0
398,333,421.9,50.4,6937.5,0,0
399,333,436.3,68.6,6937.5,0,1
400,333,432.1,61.8,6937.5,0,0
401,333,440.6,63.4,6937.5,0,0
402,333,426,68.1,6937.5,0,1
403,333,411.7,63.4,6937.5,0,0
404,333,413.6,62.8,6937.5,0,0
405,333,429.5,63.1,6937.5,0,1
406,333,424.9,61,6937.5,0,0
407,333,427.2,62,6937.5,0,0
408,333,407.9,61.2,6937.5,0,1
409,333,412.9,60.6,6937.5,0,0
410,333,401.2,47.6,6937.5,0,0
411,333,396.3,40,6937.5,0,1
412,333,417.4,50.1,6937.5,0,0
413,333,402.4,48.6,6937.5,0,0
414,333,396.4,40.6,6937.5,0,1
415,333,402.3,48.7,6937.5,0,0
416,333,399.5,46.4,6937.5,0,0
417,333,403.8,41.1,6937.5,0,1
418,333,414.8,50.2,6937.5,0,0
419,333,694.8,265.2,6937.5,0,0
420,333,386.6,39,6937.5,0,1
421,333,397.7,44.3,6937.5,0,0
422,333,437.1,68.4,6937.5,0,0
423,333,418.1,60.3,6937.5,0,1
424,333,418.3,60.2,6937.5,0,0
425,333,410.9,60.3,6937.5,0,0
426,333,439.4,60.2,6937.5,0,1
427,333,418.1,60.3,6937.5,0,0
428,333,408.1,60,6937.5,0,0
429,333,408.3,59.8,6937.5,0,1
430,333,426.4,60.1,6937.5,0,0
431,333,409.4,60.8,6937.5,0,0
432,333,400.8,47.9,6937.5,0,1
